source_id,name,city,specialty,region,last_updated
IQV-9001,Anita  Sharma,Mumbai,Cardiology,West,2026-03-21
IQV-9002,R. Mehta,Delhi,Endocrinology,North,2026-03-20
IQV-9003,Neha Verma,Bengaluru,Dermatology,South,2026-03-22
IQV-9004,Arjun Rao,Chennai,Internal Medicine,South,2026-03-19
IQV-9005,Priya Nair,Kochi,Pediatrics,South,2026-03-20
IQV-9006,Vikram Singh,Jaipur,Cardiology,North,2026-03-22
IQV-9007,Sanya Kapoor,Pune,Orthopedics,West,2026-03-18
IQV-9008,Kunal Das,Kolkata,Neurology,East,2026-03-17
IQV-9009,Rahul Mehta,Delhi,Endocrinology,North,2026-03-23
